<?xml version="1.0" encoding="utf-8"?>
<extension type="module" version="3.1.0" client="site" method="upgrade">
    <name>Codeboxr Scoop.it Topic Widgets</name>
    <creationDate>20-11-2014</creationDate>
    <copyright>Copyright (C) 2011 - 2014 Codeboxr.com. All rights reserved.</copyright>
    <license>http://www.gnu.org/licenses/gpl-2.0.html GNU/GPL or later</license>
    <author>Codeboxr</author>
    <authorEmail>info@codeboxr.com</authorEmail>
    <authorUrl>http://codeboxr.com</authorUrl>
    <version>1.0.1</version>
    <description>A Joomla Module which will display Scoop.it Topic Widgets in the module position.</description>

    <files>
        <filename>mod_cbscoopit.xml</filename>
        <filename module="mod_cbscoopit">mod_cbscoopit.php</filename>
        <filename>index.html</filename>
        <filename>tmpl/default.php</filename>
        <filename>tmpl/index.html</filename>
    </files>


    <config>
        <fields name="params">
            <fieldset name="basic">

                <field name="scopitid" type="text" default="" label="Scoop.it Topic Id" description=""
                       size="20"/>

                <field name="scopmaxwidth" type="text" default="300 " label="Maximum Width" description="" size="10"/>

                <field name="scopheight" type="text" default="300" label="Height" description="" size="10"/>

            </fieldset>
            <fieldset
                name="advanced">

                <field
                    name="layout"
                    type="modulelayout"
                    label="JFIELD_ALT_LAYOUT_LABEL"
                    description="JFIELD_ALT_MODULE_LAYOUT_DESC" />

                <field
                    name="moduleclass_sfx"
                    type="textarea" rows="3"
                    label="COM_MODULES_FIELD_MODULECLASS_SFX_LABEL"
                    description="COM_MODULES_FIELD_MODULECLASS_SFX_DESC" />

                <field
                    name="cache"
                    type="list"
                    default="1"
                    label="COM_MODULES_FIELD_CACHING_LABEL"
                    description="COM_MODULES_FIELD_CACHING_DESC">
                    <option
                        value="1">JGLOBAL_USE_GLOBAL</option>
                    <option
                        value="0">COM_MODULES_FIELD_VALUE_NOCACHING</option>
                </field>

                <field
                    name="cache_time"
                    type="text"
                    default="900"
                    label="COM_MODULES_FIELD_CACHE_TIME_LABEL"
                    description="COM_MODULES_FIELD_CACHE_TIME_DESC" />
                <field
                    name="cachemode"
                    type="hidden"
                    default="static">
                    <option
                        value="static"></option>
                </field>
            </fieldset>
        </fields>
    </config>

</extension>