<?xml version="1.0" encoding="utf-8"?>
<extension type="module" version="3.1.0" client="site" method="upgrade">

    <name>Codeboxr Scoop.it Topic Widgets</name>
    <creationDate>2013-Oct-15</creationDate>
    <copyright>Copyright (C) 2011 - 2013 Codeboxr.com. All rights reserved.</copyright>
    <license>http://www.gnu.org/licenses/gpl-2.0.html GNU/GPL or later</license>
    <author>Codeboxr</author>
    <authorEmail>info@codeboxr.com</authorEmail>
    <authorUrl>http://codeboxr.com</authorUrl>
    <version>1.0.0</version>
    <description>A Joomla Module which will display Scoop.it Topic Widgets in the module positions</description>

    <files>
        <filename>mod_cbscoopit.xml</filename>
        <filename module="mod_cbscoopit">mod_cbscoopit.php</filename>
        <filename>index.html</filename>
        <filename>tmpl/default.php</filename>
        <filename>tmpl/index.html</filename>
    </files>


    <config>
        <fields name="params">
            <fieldset name="basic">

                <field name="scopitId" type="text" default="3597138" label="Scoop.it Topic Id" description=""
                       size="20"/>

                <field name="scopmaxwidth" type="text" default="300 " label="Maximum Width" description="" size="10"/>

                <field name="scopheight" type="text" default="300" label="Height" description="" size="10"/>

            </fieldset>
        </fields>
    </config>

</extension>